City_ID,City,Country,Date,Lat,Lng,Max Temp,Humidity,Cloudiness,Wind Speed
0,Ushuaia,AR,2022-06-19 03:00:59,-54.8,-68.3,20.57,95,96,4.61
1,Haines Junction,CA,2022-06-19 03:01:00,60.7522,-137.5108,61.84,35,94,8.55
2,Nizhniy Bestyakh,RU,2022-06-19 03:01:00,61.9594,129.9086,78.28,41,0,8.95
3,Hermanus,ZA,2022-06-19 03:01:00,-34.4187,19.2345,45.81,74,15,8.43
4,Rikitea,PF,2022-06-19 03:01:01,-23.1203,-134.9692,74.48,68,100,9.95
5,Florianopolis,BR,2022-06-19 02:58:55,-27.6146,-48.5012,53.4,77,75,3.44
6,Port Alfred,ZA,2022-06-19 03:01:01,-33.5906,26.891,54.18,92,71,1.99
7,Kautokeino,NO,2022-06-19 03:01:02,69.0125,23.0412,43.25,90,100,3.42
8,Margate,GB,2022-06-19 03:01:02,51.3813,1.3862,54.7,91,96,8.99
9,Hilo,US,2022-06-19 03:01:02,19.7297,-155.09,83.28,87,40,3.0
10,Atuona,PF,2022-06-19 03:01:03,-9.8,-139.0333,77.38,77,17,18.88
11,Puerto Ayora,EC,2022-06-19 03:01:03,-0.7393,-90.3518,69.55,98,86,3.0
12,Belogorsk,RU,2022-06-19 03:01:03,50.9158,128.4611,72.1,52,87,11.63
13,Nikolskoye,RU,2022-06-19 03:01:04,59.7035,30.7861,58.91,97,100,9.28
14,Castro,BR,2022-06-19 03:01:04,-24.7911,-50.0119,45.05,84,0,3.24
15,Geraldton,AU,2022-06-19 03:01:04,-28.7667,114.6,66.61,82,100,14.97
16,Saint-Philippe,RE,2022-06-19 03:01:05,-21.3585,55.7679,67.59,76,41,9.8
17,Punta Arenas,CL,2022-06-19 02:56:57,-53.15,-70.9167,30.31,74,0,14.97
18,Bengkulu,ID,2022-06-19 02:57:03,-3.8004,102.2655,82.63,68,75,1.66
19,Bredasdorp,ZA,2022-06-19 03:01:05,-34.5322,20.0403,48.04,81,3,6.58
20,Dmitriyevka,RU,2022-06-19 03:01:06,54.75,55.3333,62.15,83,100,5.91
21,Kavieng,PG,2022-06-19 03:01:06,-2.5744,150.7967,83.28,71,30,8.88
22,Hermiston,US,2022-06-19 03:01:06,45.8404,-119.2895,63.81,75,100,3.44
23,Nizwa,OM,2022-06-19 03:01:07,22.9333,57.5333,88.0,47,4,1.54
24,Albany,US,2022-06-19 02:57:49,42.6001,-73.9662,55.4,59,85,10.4
25,Esperance,AU,2022-06-19 03:01:07,-33.8667,121.9,58.84,62,56,30.6
26,Nkowakowa,ZA,2022-06-19 03:01:08,-23.8878,30.2871,56.23,33,0,4.05
27,Amherst,US,2022-06-19 02:58:48,41.3978,-82.2224,64.47,61,0,18.01
28,Muros,ES,2022-06-19 03:01:08,42.7762,-9.0603,61.09,92,100,3.65
29,Nome,US,2022-06-19 03:01:08,64.5011,-165.4064,65.16,61,43,8.3
30,Komsomolets,KZ,2022-06-19 03:01:09,53.7453,62.0708,66.92,76,44,2.64
31,Kandiari,PK,2022-06-19 03:01:09,26.9156,68.5216,93.81,48,0,8.7
32,Yellowknife,CA,2022-06-19 02:59:26,62.456,-114.3525,70.32,43,40,0.0
33,Akyab,MM,2022-06-19 03:01:10,20.15,92.9,80.85,82,100,5.55
34,Waddan,LY,2022-06-19 03:01:10,29.1614,16.139,73.33,48,1,9.48
35,Tuktoyaktuk,CA,2022-06-19 03:01:10,69.4541,-133.0374,38.77,82,68,12.62
36,Souillac,MU,2022-06-19 03:01:10,-20.5167,57.5167,71.28,81,57,11.97
37,Hashtrud,IR,2022-06-19 03:01:11,37.4779,47.0508,62.01,71,0,3.71
38,Hobart,AU,2022-06-19 02:56:55,-42.8794,147.3294,57.25,81,40,11.5
39,Thompson,CA,2022-06-19 03:01:11,55.7435,-97.8558,59.16,77,75,5.75
40,Neuquen,AR,2022-06-19 02:57:46,-38.9516,-68.0591,44.49,61,100,0.0
41,Muriti,TZ,2022-06-19 03:01:12,-1.9833,32.9167,72.34,59,97,15.35
42,Tiksi,RU,2022-06-19 03:01:12,71.6872,128.8694,46.49,62,86,18.48
43,Bethel,US,2022-06-19 03:01:12,41.3712,-73.414,55.89,89,84,6.58
44,Butaritari,KI,2022-06-19 03:01:13,3.0707,172.7902,82.08,77,24,9.51
45,Hithadhoo,MV,2022-06-19 03:02:13,-0.6,73.0833,82.02,70,100,2.21
46,Katsuura,JP,2022-06-19 03:02:14,35.1333,140.3,74.14,78,97,9.91
47,Mataura,NZ,2022-06-19 03:02:14,-46.1927,168.8643,46.47,93,100,3.85
48,Lasa,IT,2022-06-19 03:02:14,46.6166,10.7002,60.37,95,88,3.29
49,La Libertad,EC,2022-06-19 03:02:15,-2.2333,-80.9,69.8,85,100,10.54
50,Bud,US,2022-06-19 03:02:15,39.447,-86.1758,68.02,53,0,7.58
51,Urubicha,BO,2022-06-19 03:02:15,-15.3833,-62.95,64.71,78,20,1.48
52,Qaanaaq,GL,2022-06-19 02:59:00,77.484,-69.3632,35.85,65,93,4.74
53,Brufut,GM,2022-06-19 03:02:16,13.3814,-16.7518,77.61,82,100,12.86
54,Afua,BR,2022-06-19 03:02:16,-0.1567,-50.3867,74.17,94,35,3.94
55,Ponta Do Sol,PT,2022-06-19 03:02:16,32.6667,-17.1,69.01,76,22,4.36
56,Kaitangata,NZ,2022-06-19 03:02:17,-46.2817,169.8464,46.51,84,100,10.42
57,Nguruka,TZ,2022-06-19 03:02:17,-5.1092,31.0419,59.77,64,78,4.83
58,Dikson,RU,2022-06-19 03:02:17,73.5069,80.5464,34.07,80,87,11.7
59,Camana,PE,2022-06-19 03:02:18,-16.6228,-72.7111,60.69,81,1,6.06
60,Busselton,AU,2022-06-19 03:00:43,-33.65,115.3333,60.69,60,97,19.51
61,San Quintin,MX,2022-06-19 03:02:18,30.4833,-115.95,62.74,77,0,18.1
62,Khatanga,RU,2022-06-19 03:02:19,71.9667,102.5,43.12,61,100,14.41
63,Sakakah,SA,2022-06-19 03:02:19,29.9697,40.2064,88.05,16,0,5.93
64,Arcos De La Frontera,ES,2022-06-19 03:02:19,36.7508,-5.8106,66.87,81,0,3.0
65,Shenavan,AM,2022-06-19 03:02:20,40.0549,43.9288,70.38,52,0,8.05
66,Faanui,PF,2022-06-19 03:02:20,-16.4833,-151.75,79.66,76,16,18.23
67,Ambon,ID,2022-06-19 03:02:20,-3.6954,128.1814,79.23,14,75,9.22
68,Sao Filipe,CV,2022-06-19 03:02:21,14.8961,-24.4956,74.25,84,100,7.38
69,Vanimo,PG,2022-06-19 03:02:21,-2.6741,141.3028,85.55,65,38,8.23
70,Jamestown,US,2022-06-19 03:00:19,42.097,-79.2353,59.52,59,0,3.0
71,Mar Del Plata,AR,2022-06-19 03:00:11,-38.0023,-57.5575,44.1,62,36,1.01
72,Kapaa,US,2022-06-19 02:57:32,22.0752,-159.319,79.12,77,23,5.01
73,Axim,GH,2022-06-19 03:02:22,4.8699,-2.2405,74.1,88,100,2.68
74,Chokurdakh,RU,2022-06-19 03:02:22,70.6333,147.9167,60.55,38,100,18.61
75,Mahebourg,MU,2022-06-19 03:02:22,-20.4081,57.7,69.26,83,34,11.54
76,Chernenko,RU,2022-06-19 03:02:23,44.365,39.3103,60.67,79,40,1.48
77,Havre-Saint-Pierre,CA,2022-06-19 03:02:23,50.2334,-63.5986,48.96,80,100,14.38
78,Barrow,US,2022-06-19 03:02:23,71.2906,-156.7887,37.42,81,0,8.05
79,Sinegorskiy,RU,2022-06-19 03:02:24,48.0139,40.8447,65.71,62,76,1.48
80,Pirgos,GR,2022-06-19 03:02:24,35.1167,25.7178,73.62,61,2,13.49
81,Warwick,US,2022-06-19 02:59:18,41.7001,-71.4162,57.45,74,100,4.0
82,Pevek,RU,2022-06-19 03:02:25,69.7008,170.3133,37.67,77,93,4.54
83,Mesetas,CO,2022-06-19 03:02:25,3.3846,-74.0442,69.49,97,96,1.59
84,Koslan,RU,2022-06-19 03:02:25,63.4564,48.8989,49.95,81,99,6.71
85,Cherskiy,RU,2022-06-19 03:02:26,68.75,161.3,55.47,46,7,8.46
86,Richards Bay,ZA,2022-06-19 03:02:26,-28.783,32.0377,58.28,52,73,6.89
87,Rawson,AR,2022-06-19 03:00:24,-43.3002,-65.1023,43.93,78,100,10.29
88,Khudumelapye,BW,2022-06-19 03:02:26,-23.8833,24.75,49.82,34,0,7.85
89,Tasiilaq,GL,2022-06-19 03:02:27,65.6145,-37.6368,37.56,91,100,11.5
90,Paamiut,GL,2022-06-19 03:02:27,61.994,-49.6678,39.97,98,100,8.68
91,Cape Town,ZA,2022-06-19 03:02:28,-33.9258,18.4232,52.12,92,60,1.99
92,Bubaque,GW,2022-06-19 03:03:28,11.2833,-15.8333,78.13,83,100,14.54
93,Norman Wells,CA,2022-06-19 03:03:28,65.282,-126.8329,77.79,30,75,9.28
94,Poum,NC,2022-06-19 03:03:29,-20.2333,164.0167,74.01,87,33,16.78
95,Avarua,CK,2022-06-19 03:03:29,-21.2078,-159.775,75.25,69,75,11.5
96,Flinders,AU,2022-06-19 03:03:29,-34.5833,150.8552,65.17,65,56,5.01
97,Waipawa,NZ,2022-06-19 03:03:30,-41.4122,175.5153,47.64,75,73,11.88
98,Cabo San Lucas,MX,2022-06-19 03:03:30,22.8909,-109.9124,82.62,76,11,4.0
99,Laguna,US,2022-06-19 02:58:52,38.421,-121.4238,76.44,39,0,7.0
100,Bambous Virieux,MU,2022-06-19 03:03:31,-20.3428,57.7575,69.22,85,23,10.71
101,Santiago,CL,2022-06-19 03:03:24,-33.4569,-70.6483,56.17,53,100,2.3
102,Sharjah,AE,2022-06-19 03:03:31,25.3573,55.4033,92.48,52,3,9.82
103,Lagoa,PT,2022-06-19 03:03:31,39.05,-27.9833,62.38,77,4,20.02
104,Luderitz,NA,2022-06-19 02:58:47,-26.6481,15.1594,56.39,84,73,9.53
105,Nyurba,RU,2022-06-19 03:03:32,63.2842,118.3319,78.53,33,77,5.79
106,Marzuq,YE,2022-06-19 03:03:32,14.4,46.4667,79.86,38,100,5.82
107,Grenville,GD,2022-06-19 03:03:33,12.1167,-61.6167,79.52,82,94,18.61
108,Lebu,CL,2022-06-19 03:03:33,-37.6167,-73.65,49.21,77,100,7.18
109,Arraial Do Cabo,BR,2022-06-19 03:03:26,-22.9661,-42.0278,69.71,82,100,17.45
110,Vera Cruz,BR,2022-06-19 03:03:33,-12.6333,-41.0333,61.63,88,0,0.85
111,Namibe,AO,2022-06-19 03:03:34,-15.1961,12.1522,59.65,88,14,7.49
112,The Valley,AI,2022-06-19 02:59:56,18.217,-63.0578,82.26,80,23,20.49
113,Dryden,CA,2022-06-19 02:58:48,49.7833,-92.7503,66.49,42,100,12.66
114,Ratnagiri,IN,2022-06-19 03:03:34,16.9833,73.3,82.87,74,83,5.3
115,Grand Gaube,MU,2022-06-19 03:03:35,-20.0064,57.6608,69.39,78,7,10.07
116,Port Elizabeth,ZA,2022-06-19 03:03:35,-33.918,25.5701,53.1,95,43,1.99
117,Labuhan,ID,2022-06-19 03:03:35,-6.8844,112.2051,82.78,73,97,2.46
118,Hasaki,JP,2022-06-19 03:03:36,35.7333,140.8333,86.29,74,67,12.66
119,Saldanha,ZA,2022-06-19 03:03:36,-33.0117,17.9442,56.25,67,91,4.41
120,Victoria,HK,2022-06-19 02:59:57,22.2855,114.1577,88.18,81,100,15.01
121,Tinaquillo,VE,2022-06-19 03:03:37,9.9186,-68.3047,69.71,95,47,1.61
122,Zabaykalsk,RU,2022-06-19 03:03:37,49.6333,117.3167,62.06,87,100,4.83
123,Yaan,NG,2022-06-19 03:03:38,7.3833,8.5667,71.53,94,100,4.47
124,Mitchell,US,2022-06-19 03:03:17,43.7094,-98.0298,87.78,46,0,16.11
125,Khash,IR,2022-06-19 03:03:38,28.2211,61.2158,78.57,14,4,3.27
126,Hambantota,LK,2022-06-19 03:03:38,6.1241,81.1185,82.74,89,20,8.05
127,Neyshabur,IR,2022-06-19 03:03:39,36.2133,58.7958,76.3,35,0,1.74
128,Carrollton,US,2022-06-19 03:03:39,32.9537,-96.8903,91.42,53,40,11.5
129,Lashio,MM,2022-06-19 03:03:39,22.9333,97.75,70.92,96,100,1.68
130,Vaini,TO,2022-06-19 03:03:40,-21.2,-175.2,78.96,89,75,10.36
131,Fuerte Olimpo,PY,2022-06-19 03:03:40,-21.0415,-57.8738,56.1,60,0,4.03
132,Coahuayana,MX,2022-06-19 03:03:40,18.7333,-103.6833,78.35,79,100,1.43
133,Kalia,BD,2022-06-19 03:03:41,23.0396,89.6328,82.29,80,98,9.06
134,Lavrentiya,RU,2022-06-19 03:03:41,65.5833,-171.0,53.2,54,20,7.02
135,Kodiak,US,2022-06-19 03:03:42,57.79,-152.4072,53.11,76,100,10.36
136,Kharp,RU,2022-06-19 03:04:42,66.8014,65.8081,66.33,61,97,1.57
137,Alice Springs,AU,2022-06-19 03:02:00,-23.7,133.8833,71.15,32,100,2.3
138,Nelson Bay,AU,2022-06-19 03:04:42,-32.7167,152.15,63.0,89,32,3.0
139,Cidreira,BR,2022-06-19 03:04:43,-30.1811,-50.2056,46.06,78,0,8.41
140,Hirara,JP,2022-06-19 03:04:43,24.8,125.2833,82.87,86,90,15.75
141,Bluff,NZ,2022-06-19 03:04:44,-46.6,168.3333,46.8,73,100,14.97
142,Inhambane,MZ,2022-06-19 03:04:44,-23.865,35.3833,64.81,80,0,7.56
143,Ankara,TR,2022-06-19 03:00:03,39.9199,32.8543,63.52,89,84,3.0
144,Talas,TR,2022-06-19 03:04:44,38.6908,35.5538,57.87,77,0,9.22
145,Chuy,UY,2022-06-19 03:04:45,-33.6971,-53.4616,41.38,65,5,8.34
146,Provideniya,RU,2022-06-19 03:04:45,64.3833,-173.3,56.8,50,12,8.03
147,Sitka,US,2022-06-19 03:04:45,57.0531,-135.33,55.29,76,100,5.75
148,Mayo,US,2022-06-19 03:04:46,38.8876,-76.5119,69.75,48,0,5.75
149,Saskylakh,RU,2022-06-19 03:04:46,71.9167,114.0833,39.38,77,100,24.56
150,Pooler,US,2022-06-19 03:00:03,32.1155,-81.2471,85.95,84,41,7.78
151,Tenango,MX,2022-06-19 03:04:46,18.65,-98.1833,70.83,72,100,3.18
152,Ribeira Grande,PT,2022-06-19 03:04:47,38.5167,-28.7,63.84,78,0,24.87
153,East London,ZA,2022-06-19 03:01:13,-33.0153,27.9116,60.49,70,91,6.69
154,Port Lincoln,AU,2022-06-19 03:04:47,-34.7333,135.8667,60.46,62,87,25.46
155,Clyde River,CA,2022-06-19 03:03:16,70.4692,-68.5914,32.63,76,0,6.71
156,Torbay,CA,2022-06-19 03:03:20,47.6666,-52.7314,60.28,89,100,3.0
157,New Norfolk,AU,2022-06-19 03:00:03,-42.7826,147.0587,56.91,83,34,3.0
158,Tanout,NE,2022-06-19 03:04:48,14.9709,8.8879,81.84,48,57,13.04
159,Nikolayevka,RU,2022-06-19 03:04:48,53.1257,47.2041,59.61,78,35,5.21
160,Galesong,ID,2022-06-19 03:04:49,-5.3166,119.3661,84.22,69,29,2.37
161,Georgetown,MY,2022-06-19 03:00:36,5.4112,100.3354,84.13,79,20,0.0
162,Carnarvon,AU,2022-06-19 03:04:49,-24.8667,113.6333,69.33,56,69,10.51
163,Tilichiki,RU,2022-06-19 03:04:49,60.4667,166.1,48.63,73,100,4.47
164,Valparaiso,CL,2022-06-19 03:00:23,-33.0393,-71.6273,53.47,76,0,2.3
165,Upernavik,GL,2022-06-19 03:04:50,72.7868,-56.1549,33.98,86,100,27.6
166,Batouri,CM,2022-06-19 03:04:50,4.4333,14.3667,66.76,94,99,1.92
167,Tautira,PF,2022-06-19 03:01:32,-17.7333,-149.15,78.24,76,79,20.69
168,Singleton,AU,2022-06-19 03:04:51,-32.5667,151.1833,59.49,68,99,2.39
169,Palmer,US,2022-06-19 03:01:03,42.1584,-72.3287,53.58,74,100,1.99
170,Hammerfest,NO,2022-06-19 03:04:51,70.6634,23.6821,50.45,71,75,4.61
171,Avera,US,2022-06-19 03:04:51,33.194,-82.5271,82.45,24,8,14.23
172,Rudbar,AF,2022-06-19 03:04:52,30.15,62.6,87.01,12,0,19.24
173,Itarema,BR,2022-06-19 03:04:52,-2.9248,-39.9167,75.24,86,95,10.09
174,Rincon,US,2022-06-19 03:01:04,32.296,-81.2354,85.86,74,40,5.75
175,Severo-Kurilsk,RU,2022-06-19 03:04:53,50.6789,156.125,47.61,95,100,2.06
176,Carballo,ES,2022-06-19 03:04:53,43.213,-8.691,61.9,89,100,2.57
177,Sofiyivka,UA,2022-06-19 03:04:53,48.0493,33.8746,57.6,89,0,5.91
178,Salalah,OM,2022-06-19 03:04:54,17.0151,54.0924,81.48,87,91,8.32
179,Beyneu,KZ,2022-06-19 03:04:54,45.3167,55.2,76.89,48,3,9.24
180,Hofn,IS,2022-06-19 03:04:54,64.2539,-15.2082,49.32,64,42,5.41
181,Qaqortoq,GL,2022-06-19 03:05:55,60.7167,-46.0333,43.72,99,100,1.9
182,Makhu,IN,2022-06-19 03:05:55,31.1033,74.9978,85.71,46,0,6.78
183,Vilcun,CL,2022-06-19 03:02:16,-38.65,-72.2333,42.66,89,100,3.47
184,Airai,TL,2022-06-19 03:05:55,-8.9266,125.4092,71.82,50,7,4.23
185,Bastrop,US,2022-06-19 03:02:00,32.7562,-91.8724,82.08,90,19,6.46
186,Green Valley,US,2022-06-19 03:05:56,31.8543,-110.9937,86.07,51,17,9.64
187,Perth,AU,2022-06-19 03:05:56,-31.9333,115.8333,65.66,74,40,14.97
188,Tuatapere,NZ,2022-06-19 03:05:57,-46.1333,167.6833,48.49,79,83,5.06
189,Bathsheba,BB,2022-06-19 03:05:57,13.2167,-59.5167,81.21,74,20,19.57
190,Bandar-E Lengeh,IR,2022-06-19 03:05:57,26.5579,54.8807,92.1,59,0,9.37
191,Bandarbeyla,SO,2022-06-19 03:05:58,9.4942,50.8122,80.19,55,41,24.27
192,Urusha,RU,2022-06-19 03:05:58,54.05,122.9,73.36,35,71,4.16
193,Byumba,RW,2022-06-19 03:05:58,-1.5763,30.0675,57.4,85,100,3.91
194,Kudahuvadhoo,MV,2022-06-19 03:05:59,2.6708,72.8944,82.98,71,97,7.27
195,Pudozh,RU,2022-06-19 03:05:59,61.8099,36.5345,49.24,92,100,7.23
196,Abha,SA,2022-06-19 03:05:59,18.2164,42.5053,69.48,31,62,0.4
197,Mahibadhoo,MV,2022-06-19 03:06:00,3.7833,72.9667,82.76,73,78,7.9
198,Goldap,PL,2022-06-19 03:06:00,54.3063,22.3036,55.51,95,25,6.55
199,Zima,RU,2022-06-19 03:06:00,53.9202,102.0442,71.19,52,46,0.38
200,Katsina,NG,2022-06-19 03:06:01,12.9894,7.6006,80.47,54,53,7.92
201,Suez,EG,2022-06-19 03:06:01,29.9737,32.5263,68.72,77,0,8.52
202,Cam Ranh,VN,2022-06-19 03:06:01,11.9214,109.1591,89.56,55,20,5.75
203,Payakumbuh,ID,2022-06-19 03:06:02,-0.2202,100.6308,81.97,63,19,1.39
204,Huambo,AO,2022-06-19 03:06:02,-12.7761,15.7392,50.16,52,100,0.94
205,Vostok,RU,2022-06-19 03:06:03,46.4856,135.8833,63.21,85,66,6.58
206,Mananjary,MG,2022-06-19 03:04:01,-21.2167,48.3333,66.07,89,70,6.67
207,Okhotsk,RU,2022-06-19 03:06:03,59.3833,143.3,48.83,83,90,8.59
208,Acari,PE,2022-06-19 03:06:03,-15.4311,-74.6158,62.33,73,26,2.46
209,Aksu,CN,2022-06-19 03:06:04,41.1231,80.2644,66.09,58,100,21.74
210,San Angelo,US,2022-06-19 03:03:44,31.4638,-100.437,90.54,26,0,8.05
211,Moulins,FR,2022-06-19 03:06:04,46.5,3.3333,70.12,47,100,4.56
212,Vila,PT,2022-06-19 03:06:05,42.0304,-8.1588,50.88,93,96,2.33
213,Tacuarembo,UY,2022-06-19 03:01:09,-31.7333,-55.9833,38.57,68,0,5.46
214,Wilmington,US,2022-06-19 03:06:05,34.2257,-77.9447,78.93,49,0,9.22
215,Sobolevo,RU,2022-06-19 03:06:05,54.4299,31.8996,56.89,89,100,10.22
216,Puga,MX,2022-06-19 03:06:06,21.5833,-104.8167,71.71,86,93,2.95
217,Saint George,US,2022-06-19 03:06:06,37.1041,-113.5841,84.79,8,0,12.66
218,Severo-Yeniseyskiy,RU,2022-06-19 03:06:06,60.3725,93.0408,66.4,58,59,3.47
219,Kampene,CD,2022-06-19 03:06:07,-3.6,26.6667,64.81,99,100,1.74
220,Pisco,PE,2022-06-19 03:06:07,-13.7,-76.2167,55.45,88,2,3.44
221,Port-Gentil,GA,2022-06-19 03:06:07,-0.7193,8.7815,74.26,82,53,10.42
222,Olafsvik,IS,2022-06-19 03:06:08,64.8945,-23.7142,48.38,87,100,17.74
223,Cockburn Town,TC,2022-06-19 03:03:58,21.4612,-71.1419,81.7,79,100,13.91
224,Codo,BR,2022-06-19 03:01:18,-4.4553,-43.8856,72.37,86,80,2.98
225,Casambalangan,PH,2022-06-19 03:06:08,18.3765,122.1274,88.79,65,54,1.72
226,Mitu,CO,2022-06-19 03:05:12,1.1983,-70.1733,70.56,99,24,0.76
227,Rawlins,US,2022-06-19 03:06:09,41.7911,-107.2387,69.69,32,100,31.07
228,Namatanai,PG,2022-06-19 03:07:09,-3.6667,152.4333,84.54,67,36,3.83
229,Dayong,CN,2022-06-19 03:07:09,25.0209,118.2898,88.5,61,78,7.05
230,Shingu,JP,2022-06-19 03:07:10,33.7333,135.9833,78.91,72,100,5.66
231,Ankazobe,MG,2022-06-19 03:07:10,-18.3167,47.1167,54.45,92,66,4.88
232,San Vicente,AR,2022-06-19 03:04:26,-26.6167,-54.1333,37.67,91,1,3.29
233,Fortuna,US,2022-06-19 03:07:10,40.5982,-124.1573,60.91,72,0,4.0
234,Sinnamary,GF,2022-06-19 03:07:11,5.3833,-52.95,77.27,88,33,9.04
235,Bartica,GY,2022-06-19 03:07:11,6.4,-58.6167,77.32,99,82,2.15
236,Pingliang,CN,2022-06-19 03:07:11,35.5392,106.6861,79.99,42,96,8.52
237,Tazovskiy,RU,2022-06-19 03:07:12,67.4667,78.7,61.54,47,70,13.47
238,Kedrovyy,RU,2022-06-19 03:07:12,56.1667,91.8167,61.21,72,99,5.21
239,Nihommatsu,JP,2022-06-19 03:07:12,37.5833,140.4333,84.36,43,9,6.38
240,Villa Carlos Paz,AR,2022-06-19 03:07:13,-31.4241,-64.4978,51.08,28,3,10.49
241,Sisimiut,GL,2022-06-19 03:07:13,66.9395,-53.6735,39.31,78,97,8.95
242,Chimore,BO,2022-06-19 03:07:13,-16.9833,-65.1333,64.69,77,94,2.42
243,Charters Towers,AU,2022-06-19 03:04:34,-20.1,146.2667,70.45,33,1,6.62
244,Bagotville,AU,2022-06-19 03:07:14,-28.9833,153.4167,66.85,79,62,10.58
245,Faya,SA,2022-06-19 03:07:14,18.3851,42.4509,70.05,27,64,0.45
246,Salto,UY,2022-06-19 03:06:23,-31.3833,-57.9667,47.88,69,0,7.0
247,Guider,CM,2022-06-19 03:07:15,9.9342,13.9486,73.06,79,49,4.81
248,Gotsu,JP,2022-06-19 03:07:15,35.0,132.2167,77.5,73,19,9.08
249,Kota Kinabalu,MY,2022-06-19 03:07:15,5.9749,116.0724,84.18,74,20,3.44
250,Port Hedland,AU,2022-06-19 03:02:37,-20.3167,118.5667,82.45,36,100,13.8
251,Agadir,MA,2022-06-19 03:07:16,30.4202,-9.5982,68.45,78,1,2.8
252,Payo,ID,2022-06-19 03:07:16,-3.7508,103.6372,84.18,64,56,3.22
253,Manyana,BW,2022-06-19 03:07:16,-23.4,21.7167,53.19,34,0,9.6
254,Aksay,RU,2022-06-19 03:07:17,47.26,39.87,65.25,50,11,4.0
255,Kavaratti,IN,2022-06-19 03:07:17,10.5669,72.642,82.6,73,98,11.63
256,Narsaq,GL,2022-06-19 03:07:18,60.9167,-46.05,48.42,98,100,4.14
257,Taoudenni,ML,2022-06-19 03:07:18,22.6783,-3.9836,90.28,37,100,6.55
258,Wajid,SO,2022-06-19 03:07:19,3.8093,43.2471,69.19,84,74,13.85
259,Bayan,CN,2022-06-19 03:07:19,46.0833,127.4,79.95,40,6,8.16
260,Bijar,IR,2022-06-19 03:07:17,35.8668,47.6051,62.6,65,0,4.74
261,Hobyo,SO,2022-06-19 03:07:19,5.3505,48.5268,77.18,74,95,21.59
262,Teknaf,BD,2022-06-19 03:07:20,20.8624,92.3058,79.09,88,100,5.44
263,Batticaloa,LK,2022-06-19 03:06:15,7.7102,81.6924,82.56,74,100,4.32
264,Zhangye,CN,2022-06-19 03:07:20,38.9342,100.4517,74.12,34,99,10.6
265,Houma,US,2022-06-19 03:07:21,29.5958,-90.7195,84.2,81,0,3.44
266,Botou,CN,2022-06-19 03:07:21,38.0667,116.5667,92.05,38,1,11.03
267,Tabuk,PH,2022-06-19 03:07:22,17.4189,121.4443,87.3,68,79,5.41
268,Leningradskiy,RU,2022-06-19 03:04:59,69.3833,178.4167,43.52,76,70,10.87
269,Dawei,MM,2022-06-19 03:08:22,14.0833,98.2,85.8,70,77,5.28
270,Port Arthur,CN,2022-06-19 03:08:23,38.8,121.2667,73.62,34,2,12.46
271,Soma,TR,2022-06-19 03:08:23,39.1855,27.6094,62.02,86,27,10.38
272,Victor Harbor,AU,2022-06-19 03:08:23,-35.5667,138.6167,60.01,63,100,4.0
273,Orbetello,IT,2022-06-19 03:08:24,42.4408,11.2196,69.66,51,27,9.31
274,Coquimbo,CL,2022-06-19 03:08:24,-29.9533,-71.3436,55.13,87,100,4.61
275,Krasnorechenskiy,RU,2022-06-19 03:08:24,44.6265,135.3532,71.8,59,88,11.03
276,Paita,PE,2022-06-19 03:08:24,-5.0892,-81.1144,63.1,83,22,16.26
277,Makakilo City,US,2022-06-19 03:08:25,21.3469,-158.0858,84.52,54,100,14.97
278,Tessaoua,NE,2022-06-19 03:08:25,13.7574,7.9874,83.3,49,83,10.2
279,Camara De Lobos,PT,2022-06-19 03:08:25,32.6333,-16.9667,68.72,86,40,11.5
280,Iqaluit,CA,2022-06-19 03:08:26,63.7506,-68.5145,45.7,50,94,10.0
281,Bolobo,CD,2022-06-19 03:08:26,-2.1667,16.2333,69.21,91,100,2.62
282,Nalut,LY,2022-06-19 03:08:27,30.3333,10.85,75.2,36,0,10.25
283,Tarakan,ID,2022-06-19 03:08:27,3.3,117.6333,85.5,74,40,4.61
284,Miri,MY,2022-06-19 03:08:27,4.4148,114.0089,84.45,68,100,1.77
285,Puerto Quijarro,BO,2022-06-19 03:08:28,-17.7833,-57.7667,64.09,65,2,2.68
286,Ambilobe,MG,2022-06-19 03:08:28,-13.2,49.05,66.16,92,4,3.2
287,Marawi,PH,2022-06-19 03:08:28,7.9986,124.2928,77.7,79,76,3.85
288,Onega,RU,2022-06-19 03:08:29,63.9061,38.1404,49.24,85,100,4.79
289,Palia Kalan,IN,2022-06-19 03:08:29,28.45,80.5833,93.54,34,35,8.77
290,Dunedin,NZ,2022-06-19 03:08:29,-45.8742,170.5036,46.8,75,93,8.01
291,Roma,US,2022-06-19 03:06:12,43.2128,-75.4557,53.87,70,6,11.32
292,Ixchiguan,GT,2022-06-19 03:08:30,15.2,-91.8833,47.98,97,100,2.37
293,San Cristobal,VE,2022-06-19 03:04:47,7.7669,-72.225,73.58,98,32,3.85
294,Saint-Raphael,HT,2022-06-19 03:08:30,19.4333,-72.2,73.35,86,99,2.39
295,Weligama,LK,2022-06-19 03:08:30,5.9667,80.4167,81.37,77,40,5.01
296,Ust-Nera,RU,2022-06-19 03:08:31,64.5667,143.2,66.61,40,67,4.9
297,Kirakira,SB,2022-06-19 03:08:31,-10.4544,161.9205,81.99,75,96,4.65
298,Mumbwa,ZM,2022-06-19 03:08:31,-14.9783,27.0619,52.52,84,73,3.96
299,Sao Joao Da Barra,BR,2022-06-19 03:05:08,-21.6403,-41.0511,69.58,90,69,13.56
300,Gat,IL,2022-06-19 03:08:32,31.61,34.7642,72.39,100,2,0.96
301,Adana,TR,2022-06-19 03:08:32,36.985,35.2881,75.22,88,40,5.75
302,Manta,EC,2022-06-19 03:08:32,-0.95,-80.7333,71.38,83,100,8.05
303,Fort William,GB,2022-06-19 03:08:33,56.8165,-5.1121,52.3,85,72,5.39
304,Caraballeda,VE,2022-06-19 03:08:33,10.6112,-66.8522,78.87,73,40,5.75
305,Majene,ID,2022-06-19 03:08:33,-3.5403,118.9707,82.33,74,56,5.03
306,Sorong,ID,2022-06-19 03:08:34,-0.8833,131.25,81.63,75,52,3.2
307,Merauke,ID,2022-06-19 03:06:34,-8.4667,140.3333,82.71,76,39,12.41
308,Bafoulabe,ML,2022-06-19 03:07:20,13.8065,-10.8321,79.14,76,95,7.65
309,Dongying,CN,2022-06-19 03:08:34,37.4564,118.4856,93.43,37,0,7.54
310,Ixtapa,MX,2022-06-19 03:08:35,20.7,-105.2,83.23,74,100,9.22
311,Del Rio,US,2022-06-19 03:08:35,29.3627,-100.8968,91.51,31,0,9.22
312,Hervey Bay,AU,2022-06-19 03:08:35,-25.2986,152.8535,67.93,70,37,12.17
313,Ancud,CL,2022-06-19 03:05:16,-41.8697,-73.8203,43.23,89,100,2.53
314,Malanje,AO,2022-06-19 03:08:36,-9.5402,16.341,53.31,84,23,1.54
315,Nanortalik,GL,2022-06-19 03:08:36,60.1432,-45.2371,45.66,97,100,16.49
316,Key West,US,2022-06-19 03:08:36,24.5557,-81.7826,82.4,76,75,20.71
317,Suhbaatar,MN,2022-06-19 03:08:37,50.2314,106.2078,56.5,90,100,2.68
318,Hailun,CN,2022-06-19 03:09:37,47.45,126.9333,80.1,32,0,10.83
319,Salvacion,PH,2022-06-19 03:09:37,7.9833,126.1333,87.49,63,85,1.52
320,Ibra,OM,2022-06-19 03:09:38,22.6906,58.5334,82.08,69,7,0.69
321,Ahipara,NZ,2022-06-19 03:09:38,-35.1667,173.1667,62.62,78,82,4.5
322,Egvekinot,RU,2022-06-19 03:09:38,66.3167,-179.1667,46.62,61,99,5.97
323,Broken Hill,AU,2022-06-19 03:09:39,-31.95,141.4333,56.64,49,100,10.71
324,Pullman,US,2022-06-19 03:09:39,46.7313,-117.1796,57.85,74,100,8.05
325,Fershampenuaz,RU,2022-06-19 03:09:39,53.5202,59.8117,62.98,83,41,11.92
326,Comodoro Rivadavia,AR,2022-06-19 03:09:40,-45.8667,-67.5,35.46,87,40,12.66
327,Osmena,PH,2022-06-19 03:09:40,10.5208,119.9258,84.76,66,100,1.57
328,Southampton,GB,2022-06-19 03:06:17,50.904,-1.4043,51.87,85,100,1.99
329,Lampa,CL,2022-06-19 03:09:40,-33.2833,-70.9,53.96,53,100,2.3
330,Buala,SB,2022-06-19 03:09:41,-8.145,159.5921,84.27,68,95,6.02
331,Bonnyville,CA,2022-06-19 03:09:41,54.2668,-110.735,62.91,92,100,6.11
332,Corn Island,NI,2022-06-19 03:09:41,12.1694,-83.0418,82.42,77,95,9.95
333,Kuytun,RU,2022-06-19 03:09:42,54.3419,101.5036,70.36,51,17,2.39
334,Alekseyevka,RU,2022-06-19 03:09:42,50.6309,38.6903,59.25,88,28,3.24
335,Ekhabi,RU,2022-06-19 03:09:43,53.5102,142.9671,49.69,81,100,13.38
336,Pacific Grove,US,2022-06-19 03:09:43,36.6177,-121.9166,63.55,80,20,12.66
337,San Policarpo,PH,2022-06-19 03:09:43,12.1791,125.5072,84.72,72,88,5.91
338,Athabasca,CA,2022-06-19 03:06:00,54.7169,-113.2854,57.43,85,32,8.32
339,Noumea,NC,2022-06-19 03:09:44,-22.2763,166.4572,75.18,99,100,10.36
340,Nouadhibou,MR,2022-06-19 03:09:44,20.931,-17.0347,67.91,89,76,6.35
341,Nioro,GM,2022-06-19 03:09:45,13.35,-15.75,77.61,75,99,8.77
342,Konevo,RU,2022-06-19 03:09:45,62.1215,39.3192,49.24,81,92,5.41
343,Quatre Cocos,MU,2022-06-19 03:09:45,-20.2078,57.7625,69.1,87,11,9.37
344,Liku,ID,2022-06-19 03:09:45,-0.7275,119.8922,84.92,71,29,0.85
345,Naze,JP,2022-06-19 03:09:46,28.3667,129.4833,77.92,87,100,10.11
346,Dzaoudzi,YT,2022-06-19 03:09:46,-12.7887,45.2699,76.89,78,75,13.8
347,Miguel Hidalgo,MX,2022-06-19 03:05:40,19.4225,-99.2028,63.43,70,100,11.5
348,Talnakh,RU,2022-06-19 03:09:47,69.4865,88.3972,56.16,35,97,3.38
349,Siyabuswa,ZA,2022-06-19 03:09:47,-25.1132,29.0445,50.18,44,0,3.27
350,Lillesand,NO,2022-06-19 03:09:47,58.2488,8.3778,43.34,93,78,4.61
351,Talakan,RU,2022-06-19 03:09:48,50.3167,130.3667,72.7,43,15,13.04
352,North Bend,US,2022-06-19 03:09:48,43.4065,-124.2243,59.23,91,100,6.91
353,Tiznit,MA,2022-06-19 03:09:48,29.5833,-9.5,75.11,48,0,1.07
354,Chernyshevskiy,RU,2022-06-19 03:09:49,63.0128,112.4714,77.92,27,63,5.41
355,Lorengau,PG,2022-06-19 03:09:49,-2.0226,147.2712,84.0,64,8,8.55
356,Alpena,US,2022-06-19 03:09:49,45.0617,-83.4327,57.52,51,0,5.75
357,Penzance,GB,2022-06-19 03:09:50,50.1186,-5.5371,56.95,70,100,22.59
358,Olinda,BR,2022-06-19 03:09:29,-8.0089,-34.8553,76.73,88,75,3.44
359,Los Llanos De Aridane,ES,2022-06-19 03:09:50,28.6585,-17.9182,65.95,93,100,13.8
360,Rimini,IT,2022-06-19 03:09:51,44.0241,12.5186,72.14,58,6,2.3
361,Sarandi,BR,2022-06-19 03:09:51,-23.4436,-51.8739,48.43,81,0,1.88
362,Arkhangelsk,RU,2022-06-19 03:09:51,64.5401,40.5433,51.12,81,20,2.24
363,Meulaboh,ID,2022-06-19 03:09:51,4.1363,96.1285,81.84,70,71,2.21
364,Gazanjyk,TM,2022-06-19 03:09:52,39.2446,55.5154,80.78,39,0,2.73
365,Bangkal,PH,2022-06-19 03:09:52,6.0667,121.0667,85.59,64,97,3.58
366,Shamary,RU,2022-06-19 03:10:52,57.3434,58.2199,59.68,82,51,3.96
367,Umm Lajj,SA,2022-06-19 03:10:53,25.0213,37.2685,83.5,61,2,7.56
368,Iskenderun,TR,2022-06-19 03:10:53,36.5872,36.1735,76.03,75,0,5.03
369,Bykovo,RU,2022-06-19 03:10:53,55.6361,38.0803,61.41,72,0,2.24
370,Ossora,RU,2022-06-19 03:10:54,59.2353,163.0719,50.68,77,99,2.39
371,Nabire,ID,2022-06-19 03:10:54,-3.3667,135.4833,82.54,76,99,3.33
372,Los Angeles,US,2022-06-19 03:06:23,34.0522,-118.2437,73.02,59,0,12.66
373,Kysyl-Syr,RU,2022-06-19 03:10:55,63.8986,122.7617,78.51,33,96,9.62
374,Vila Velha,BR,2022-06-19 03:10:55,-20.3297,-40.2925,73.35,83,20,10.36
375,Vila Franca Do Campo,PT,2022-06-19 03:10:55,37.7167,-25.4333,63.19,79,30,13.67
376,Beloha,MG,2022-06-19 03:10:55,-25.1667,45.05,57.96,90,1,6.2
377,Ganzhou,CN,2022-06-19 03:10:56,28.8184,115.4327,75.07,97,100,6.85
378,Yanam,IN,2022-06-19 03:10:56,16.7333,82.2167,89.28,62,88,4.85
379,Skibbereen,IE,2022-06-19 03:10:57,51.55,-9.2667,53.11,76,37,11.92
380,Verkhoyansk,RU,2022-06-19 03:10:57,67.5447,133.385,69.53,48,73,23.35
381,College,US,2022-06-19 03:10:57,64.8569,-147.8028,69.75,52,75,5.75
382,Kruisfontein,ZA,2022-06-19 03:06:11,-34.0033,24.7314,50.88,91,9,7.78
383,Djenne,ML,2022-06-19 03:10:58,13.9061,-4.5533,78.48,67,100,6.42
384,Fairbanks,US,2022-06-19 03:06:24,64.8378,-147.7164,69.76,53,40,5.75
385,Aykhal,RU,2022-06-19 03:10:58,66.0,111.5,54.55,51,100,20.49
386,Lima,PE,2022-06-19 03:06:14,-12.0432,-77.0282,59.25,82,0,9.22
387,Nisko,PL,2022-06-19 03:10:59,50.5199,22.1397,60.28,72,9,1.99
388,Esso,RU,2022-06-19 03:11:00,55.9333,158.7,57.67,60,88,8.5
389,Brainerd,US,2022-06-19 03:11:00,46.358,-94.2008,73.65,56,0,8.05
390,Atbasar,KZ,2022-06-19 03:11:00,51.8,68.3333,76.82,43,44,5.73
391,Mayor Pablo Lagerenza,PY,2022-06-19 03:11:00,-19.9309,-60.7718,62.44,40,37,3.83
392,Erenhot,CN,2022-06-19 03:11:01,43.6475,111.9767,94.57,13,57,12.08
393,Atlantic Beach,US,2022-06-19 03:11:01,30.3344,-81.3987,84.99,85,20,3.44
394,Isangel,VU,2022-06-19 03:11:01,-19.55,169.2667,78.91,83,100,6.91
395,Birmingham,US,2022-06-19 03:09:28,33.5207,-86.8025,80.47,59,0,4.61
396,Longyearbyen,SJ,2022-06-19 03:11:02,78.2186,15.6401,40.84,75,100,12.66
397,Huarmey,PE,2022-06-19 03:11:02,-10.0681,-78.1522,62.8,82,21,10.85
398,Port Blair,IN,2022-06-19 03:11:03,11.6667,92.75,78.84,94,40,1.14
399,Okha,RU,2022-06-19 03:11:03,53.5739,142.9478,48.49,83,100,13.13
400,Yakeshi,CN,2022-06-19 03:11:03,49.2833,120.7333,78.39,27,100,4.83
401,Yenagoa,NG,2022-06-19 03:11:04,4.9247,6.2642,72.84,96,99,2.06
402,Shimoda,JP,2022-06-19 03:11:04,34.6667,138.95,81.1,79,98,11.34
403,Newark,US,2022-06-19 03:10:24,40.7357,-74.1724,62.55,65,40,9.22
404,Tiarei,PF,2022-06-19 03:11:04,-17.5333,-149.3333,78.01,79,32,21.7
405,Spasskoye,RU,2022-06-19 03:11:05,44.6108,132.7969,72.39,68,19,8.43
406,Husavik,IS,2022-06-19 03:06:16,66.0449,-17.3389,48.92,69,38,12.46
407,Prachatice,CZ,2022-06-19 03:11:05,49.0129,13.9975,66.07,66,0,5.41
408,Opuwo,NA,2022-06-19 03:11:06,-18.0607,13.84,54.05,69,0,1.54
409,Formosa,AR,2022-06-19 03:12:06,-26.1775,-58.1781,48.18,76,0,3.44
410,Sur,OM,2022-06-19 03:12:06,22.5667,59.5289,86.79,69,5,5.28
411,Lumby,CA,2022-06-19 03:12:07,50.2498,-118.969,67.05,85,95,1.77
412,Cubarral,CO,2022-06-19 03:12:07,3.7935,-73.8406,68.54,94,39,4.25
413,Verkhnevilyuysk,RU,2022-06-19 03:12:07,63.4453,120.3167,79.09,31,89,8.23
414,Fare,PF,2022-06-19 03:12:08,-16.7,-151.0167,79.21,77,6,17.6
415,Quimper,FR,2022-06-19 03:12:08,48.0,-4.1,57.78,88,100,16.11
416,Sokoni,TZ,2022-06-19 03:12:08,-6.4333,39.55,78.24,71,17,19.84
417,Kilakarai,IN,2022-06-19 03:10:42,9.2333,78.7833,84.49,68,84,5.53
418,Sistranda,NO,2022-06-19 03:12:09,63.7256,8.834,44.56,79,19,5.26
419,Auki,SB,2022-06-19 03:12:09,-8.7676,160.7034,82.2,74,32,2.21
420,Amarillo,US,2022-06-19 03:12:10,35.222,-101.8313,83.68,43,0,17.27
421,Touros,BR,2022-06-19 03:12:10,-5.1989,-35.4608,75.27,87,12,9.73
422,Sambava,MG,2022-06-19 03:12:10,-14.2667,50.1667,68.88,88,41,7.65
423,Tsabong,BW,2022-06-19 03:12:11,-26.0217,22.401,52.11,39,23,6.53
424,Grand-Santi,GF,2022-06-19 03:12:11,4.25,-54.3833,71.94,100,100,2.06
425,Visnes,NO,2022-06-19 03:12:11,59.3556,5.2242,55.45,82,20,17.27
426,Togur,RU,2022-06-19 03:12:12,58.3631,82.8265,66.87,71,13,4.45
427,Bamiantong,CN,2022-06-19 03:12:12,44.9333,130.5333,77.2,47,12,11.45
428,Yar-Sale,RU,2022-06-19 03:08:46,66.8333,70.8333,68.18,52,94,11.39
429,Lompoc,US,2022-06-19 03:12:13,34.6391,-120.4579,60.94,75,0,19.57
430,Santa Ana,US,2022-06-19 03:10:18,33.7456,-117.8678,72.91,58,0,10.36
431,Tara,RU,2022-06-19 03:12:13,56.8944,74.371,68.49,71,44,3.44
432,Te Anau,NZ,2022-06-19 03:12:13,-45.4167,167.7167,44.89,93,98,3.18
433,Shiyan,CN,2022-06-19 03:12:14,32.6475,110.7781,81.41,70,95,6.11
434,Leshukonskoye,RU,2022-06-19 03:12:14,64.8989,45.7622,46.27,88,96,6.38
435,Fereydun Kenar,IR,2022-06-19 03:12:14,36.6864,52.5225,75.6,71,18,4.94
436,Warrnambool,AU,2022-06-19 03:12:15,-38.3833,142.4833,53.82,67,100,16.33
437,Rockhampton,AU,2022-06-19 03:12:15,-23.3833,150.5,73.29,53,40,10.36
438,Sovetskaya Gavan,RU,2022-06-19 03:12:16,48.9723,140.2878,50.59,98,100,4.85
439,Omboue,GA,2022-06-19 03:12:16,-1.5746,9.2618,71.1,87,80,5.95
440,Omsukchan,RU,2022-06-19 03:12:16,62.5333,155.8,51.87,78,100,7.49
441,Grindavik,IS,2022-06-19 03:12:17,63.8424,-22.4338,48.67,93,100,14.97
442,Uong Bi,VN,2022-06-19 03:12:17,21.0333,106.7833,93.18,52,89,6.33
443,Hoquiam,US,2022-06-19 03:12:17,46.9809,-123.8893,56.44,87,100,10.36
444,Maceio,BR,2022-06-19 03:08:36,-9.6658,-35.7353,72.84,94,75,2.3
445,Itoman,JP,2022-06-19 03:12:18,26.1247,127.6694,88.57,83,75,12.66
446,Lang Son,VN,2022-06-19 03:12:18,21.8333,106.7333,87.87,58,46,10.71
447,Methoni,GR,2022-06-19 03:12:18,36.8197,21.7049,72.21,65,0,2.86
448,Kosa,RU,2022-06-19 03:12:19,59.9445,54.9977,57.25,86,28,5.26
449,Rafsanjan,IR,2022-06-19 03:12:19,30.4067,55.9939,82.49,14,0,0.89
450,Okulovka,RU,2022-06-19 03:12:19,58.4008,33.2908,54.05,98,100,9.31
451,Wanaka,NZ,2022-06-19 03:12:20,-44.7,169.15,45.1,75,80,1.01
452,Russell,US,2022-06-19 03:12:20,32.3502,-85.1999,83.8,83,0,0.0
453,High Level,CA,2022-06-19 03:10:27,58.5169,-117.136,55.04,97,100,0.85
454,San Jose,US,2022-06-19 03:09:22,37.3394,-121.895,65.08,53,20,11.5
455,Nador,MA,2022-06-19 03:13:21,35.174,-2.9287,73.65,78,0,8.05
456,Tete,MZ,2022-06-19 03:13:21,-16.1564,33.5867,53.69,94,0,3.44
457,Altagracia De Orituco,VE,2022-06-19 03:13:21,9.8601,-66.3814,70.61,91,24,3.56
458,Kurduvadi,IN,2022-06-19 03:13:22,18.0833,75.4333,82.45,58,100,7.05
459,Lewisporte,CA,2022-06-19 03:13:22,49.2499,-55.0482,60.55,89,100,12.95
460,Portobelo,PA,2022-06-19 03:13:22,9.55,-79.65,75.96,86,96,5.35
461,Kichera,RU,2022-06-19 03:13:23,55.9375,110.0997,58.89,79,99,4.09
462,Waingapu,ID,2022-06-19 03:13:23,-9.6567,120.2641,85.17,64,97,14.99
463,Ornskoldsvik,SE,2022-06-19 03:13:24,63.2909,18.7153,46.6,88,100,16.6
464,Flin Flon,CA,2022-06-19 03:13:24,54.7682,-101.865,69.31,74,73,10.11
465,Otane,NZ,2022-06-19 03:12:48,-39.8833,176.6333,49.01,82,100,5.82
466,Puro,PH,2022-06-19 03:13:24,12.4841,123.3827,88.27,60,59,5.14
467,Aswan,EG,2022-06-19 03:13:25,24.0934,32.907,82.11,31,9,10.51
468,Qandala,SO,2022-06-19 03:13:25,11.472,49.8728,89.37,47,75,6.51
469,Govindgarh,IN,2022-06-19 03:13:26,27.5,76.9833,87.71,51,90,6.35
470,Suntar,RU,2022-06-19 03:13:26,62.1444,117.6319,80.8,25,22,8.43
471,Zhangjiakou,CN,2022-06-19 03:13:26,40.81,114.8794,84.13,46,1,4.81
472,Tual,ID,2022-06-19 03:08:43,-5.6667,132.75,81.86,76,84,15.61
473,Pedasi,PA,2022-06-19 03:13:27,7.5333,-80.0333,76.06,86,100,15.05
474,Irbit,RU,2022-06-19 03:13:27,57.6705,63.071,62.58,86,100,3.91
475,Poros,GR,2022-06-19 03:13:27,37.4994,23.4536,70.86,69,2,24.54
476,Ulladulla,AU,2022-06-19 03:13:28,-35.35,150.4667,61.77,64,29,9.35
477,Saint Anthony,US,2022-06-19 03:13:28,45.0205,-93.218,75.13,47,0,17.27
478,Kayerkan,RU,2022-06-19 03:13:28,69.3497,87.7602,50.0,47,73,11.36
479,Mokobeng,BW,2022-06-19 03:13:29,-22.9965,27.6678,53.96,59,0,3.11
480,Ponta Delgada,PT,2022-06-19 03:09:42,37.7333,-25.6667,63.5,67,20,16.11
481,Kitakata,JP,2022-06-19 03:13:29,37.65,139.8667,84.45,48,17,5.75
482,Oktyabrskiy,RU,2022-06-19 03:13:29,54.4815,53.471,61.75,81,97,4.68
483,Nijar,ES,2022-06-19 03:13:30,36.9665,-2.206,71.65,68,0,4.61
484,Broome,US,2022-06-19 03:13:30,42.2506,-75.833,56.62,64,0,8.05
485,Gushikawa,JP,2022-06-19 03:13:30,26.3544,127.8686,87.8,70,75,14.97
486,Nuoro,IT,2022-06-19 03:13:31,40.3211,9.3297,64.27,46,12,2.91
487,Urengoy,RU,2022-06-19 03:13:31,65.9667,78.3667,66.58,44,92,9.13
488,Shumskiy,RU,2022-06-19 03:13:32,54.8318,99.1328,74.03,38,89,3.94
489,Santa Cruz,BO,2022-06-19 03:13:32,-17.8,-63.1667,62.06,67,75,4.61
490,Gumdag,TM,2022-06-19 03:13:32,39.2061,54.5906,79.43,41,0,5.28
491,Macklin,CA,2022-06-19 03:13:33,52.3334,-109.9348,67.24,79,94,5.19
492,Turtas,RU,2022-06-19 03:13:33,58.9417,69.1325,69.94,56,32,4.25
493,Hami,CN,2022-06-19 03:13:33,42.8,93.45,83.7,18,7,6.71
494,Wonthaggi,AU,2022-06-19 03:13:34,-38.6044,145.5913,55.81,61,1,6.82
495,Brae,GB,2022-06-19 03:13:34,60.3964,-1.353,49.3,88,76,16.26
496,Ivanovka,KG,2022-06-19 03:13:34,42.8878,75.085,77.7,29,0,5.73
497,Yeniseysk,RU,2022-06-19 03:13:35,58.4497,92.1703,68.31,64,97,2.68
498,Hualmay,PE,2022-06-19 03:14:35,-11.0964,-77.6139,61.32,83,16,9.31
499,Monte Alegre,BR,2022-06-19 03:14:35,-2.0078,-54.0692,74.23,92,100,4.88
500,Basco,PH,2022-06-19 03:14:36,20.4487,121.9702,86.0,73,100,11.65
501,Mount Gambier,AU,2022-06-19 03:14:36,-37.8333,140.7667,54.84,65,100,12.53
502,Songkhla,TH,2022-06-19 03:14:36,6.8333,100.6667,84.25,72,59,5.28
503,Aranos,NA,2022-06-19 03:14:37,-24.1333,19.1167,47.43,35,0,5.97
504,Westport,US,2022-06-19 03:14:37,41.1415,-73.3579,59.27,87,100,6.91
505,Yulara,AU,2022-06-19 03:14:37,-25.2406,130.9889,67.78,25,100,4.99
506,Palatka,US,2022-06-19 03:14:38,29.6486,-81.6376,80.1,89,84,2.73
507,Redondo,PT,2022-06-19 03:14:38,38.6487,-7.5471,63.52,76,94,10.13
508,Libertador General San Martin,AR,2022-06-19 03:14:38,-23.8064,-64.7876,44.98,60,4,2.93
509,Vardo,NO,2022-06-19 03:14:39,70.3705,31.1107,40.98,93,100,4.61
510,Donskoy,RU,2022-06-19 03:14:39,53.9711,38.3363,55.71,84,92,7.87
511,Gaya,IN,2022-06-19 03:14:39,24.7833,85.0,92.53,45,82,13.29
512,Rundu,NA,2022-06-19 03:14:40,-17.9333,19.7667,50.54,51,0,4.32
513,Goderich,CA,2022-06-19 03:14:40,43.7501,-81.7165,56.91,73,0,10.58
514,Napier,NZ,2022-06-19 03:14:41,-39.4833,176.9167,49.28,89,100,3.0
515,Ruteng,ID,2022-06-19 03:14:41,-8.6136,120.4721,74.68,60,84,1.92
516,Guerrero Negro,MX,2022-06-19 03:14:41,27.9769,-114.0611,64.4,78,2,17.78
517,Constitucion,CL,2022-06-19 03:14:42,-35.3333,-72.4167,49.77,66,100,3.49
518,Thinadhoo,MV,2022-06-19 03:14:42,0.5333,72.9333,82.4,70,90,1.28
519,Anloga,GH,2022-06-19 03:14:42,5.7947,0.8973,76.57,83,100,6.62
520,Aksarayskiy,RU,2022-06-19 03:14:42,46.7924,48.0119,76.59,30,14,0.58
521,Port-Cartier,CA,2022-06-19 03:14:43,50.0334,-66.8654,49.75,64,100,17.38
522,Coelho Neto,BR,2022-06-19 03:14:43,-4.2567,-43.0128,72.12,90,79,3.11
523,Villazon,BO,2022-06-19 03:14:43,-22.0866,-65.5942,33.04,9,0,6.82
524,Gilgit,PK,2022-06-19 03:14:44,35.9221,74.3087,63.0,85,100,1.74
525,Mamakan,RU,2022-06-19 03:14:44,57.8161,114.0028,68.77,71,100,0.34
526,Santa Helena De Goias,BR,2022-06-19 03:14:44,-17.8136,-50.5969,62.71,93,63,3.85
527,Dinghai,CN,2022-06-19 03:14:11,26.2847,119.7936,77.88,88,94,9.82
528,San Mateo Del Mar,MX,2022-06-19 03:14:45,16.2,-95.0,81.52,75,100,25.5
529,Massaguet,TD,2022-06-19 03:14:45,12.4755,15.4365,81.57,58,52,10.07
530,Catalina,US,2022-06-19 03:14:46,32.5056,-110.9211,85.15,51,82,8.46
531,Lakes Entrance,AU,2022-06-19 03:14:46,-37.8811,147.981,58.15,64,0,10.22
532,Lifford,IE,2022-06-19 03:14:46,54.8319,-7.4836,51.75,92,99,11.63
533,Casa Grande,US,2022-06-19 03:14:08,32.8795,-111.7573,81.3,67,75,12.66
534,Port Hardy,CA,2022-06-19 03:13:53,50.6996,-127.4199,53.78,87,100,5.75
535,Guajara,BR,2022-06-19 03:14:47,-2.9667,-57.6667,76.32,82,100,0.83
536,Adrar,MR,2022-06-19 03:14:47,20.5022,-10.0711,84.4,43,48,7.16
537,Djibo,BF,2022-06-19 03:14:48,14.1022,-1.6306,82.02,58,62,8.66
538,Ustynivka,UA,2022-06-19 03:14:48,47.9551,32.5367,57.6,88,4,6.58
539,Portland,US,2022-06-19 03:13:33,45.5234,-122.6762,60.03,81,98,5.99
540,Oranjestad,AW,2022-06-19 03:14:03,12.524,-70.027,80.04,83,52,27.67
541,Karibib,NA,2022-06-19 03:14:49,-21.9333,15.8333,50.52,59,0,0.96
